source,target,relationship
"Cherry, Miss. Gladys","Maioni, Miss. Roberta",shared_ticket
"Cherry, Miss. Gladys","Rothes, the Countess. of (Lucy Noel Martha Dyer-Edwards)",shared_ticket_and_cabin
"Maioni, Miss. Roberta","Rothes, the Countess. of (Lucy Noel Martha Dyer-Edwards)",shared_ticket
"Taussig, Miss. Ruth","Taussig, Mr. Emil",shared_ticket
"Taussig, Miss. Ruth","Taussig, Mrs. Emil (Tillie Mandelbaum)",shared_ticket
"Taussig, Mr. Emil","Taussig, Mrs. Emil (Tillie Mandelbaum)",shared_ticket_and_cabin
"Clifford, Mr. George Quincy","Porter, Mr. Walter Chamberlain",shared_ticket
"Warren, Mr. Frank Manley","Warren, Mrs. Frank Manley (Anna Sophia Atkinson)",shared_ticket_and_cabin
"Hippach, Miss. Jean Gertrude","Hippach, Mrs. Louis Albert (Ida Sophia Fischer)",shared_ticket_and_cabin
"Fry, Mr. Richard","Ismay, Mr. Joseph Bruce",shared_ticket
"Gibson, Miss. Dorothy Winifred","Gibson, Mrs. Leonard (Pauline C Boeson)",shared_ticket
"Carrau, Mr. Francisco M","Carrau, Mr. Jose Pedro",shared_ticket
"Geiger, Miss. Amalie","Keeping, Mr. Edwin",shared_ticket
"Geiger, Miss. Amalie","Widener, Mr. George Dunton",shared_ticket
"Geiger, Miss. Amalie","Widener, Mr. Harry Elkins",shared_ticket
"Geiger, Miss. Amalie","Widener, Mrs. George Dunton (Eleanor Elkins)",shared_ticket
"Keeping, Mr. Edwin","Widener, Mr. George Dunton",shared_ticket
"Keeping, Mr. Edwin","Widener, Mr. Harry Elkins",shared_ticket
"Keeping, Mr. Edwin","Widener, Mrs. George Dunton (Eleanor Elkins)",shared_ticket
"Widener, Mr. George Dunton","Widener, Mr. Harry Elkins",shared_ticket
"Widener, Mr. George Dunton","Widener, Mrs. George Dunton (Eleanor Elkins)",shared_ticket_and_cabin
"Widener, Mr. Harry Elkins","Widener, Mrs. George Dunton (Eleanor Elkins)",shared_ticket
"Bowerman, Miss. Elsie Edith","Chibnall, Mrs. (Edith Martha Bowerman)",shared_ticket_and_cabin
"Ostby, Miss. Helene Ragnhild","Ostby, Mr. Engelhart Cornelius",shared_ticket
"Icard, Miss. Amelie","Stone, Mrs. George Nelson (Martha Evelyn)",shared_ticket_and_cabin
"Carter, Master. William Thornton II","Carter, Miss. Lucile Polk",shared_ticket_and_cabin
"Carter, Master. William Thornton II","Carter, Mr. William Ernest",shared_ticket_and_cabin
"Carter, Master. William Thornton II","Carter, Mrs. William Ernest (Lucile Polk)",shared_ticket_and_cabin
"Carter, Miss. Lucile Polk","Carter, Mr. William Ernest",shared_ticket_and_cabin
"Carter, Miss. Lucile Polk","Carter, Mrs. William Ernest (Lucile Polk)",shared_ticket_and_cabin
"Carter, Mr. William Ernest","Carter, Mrs. William Ernest (Lucile Polk)",shared_ticket_and_cabin
"Marvin, Mr. Daniel Warner","Marvin, Mrs. Daniel Warner (Mary Graham Carmichael Farquarson)",shared_ticket_and_cabin
"Pears, Mr. Thomas Clinton","Pears, Mrs. Thomas (Edith Wearne)",shared_ticket_and_cabin
"Allison, Master. Hudson Trevor","Allison, Miss. Helen Loraine",shared_ticket_and_cabin
"Allison, Master. Hudson Trevor","Allison, Mr. Hudson Joshua Creighton",shared_ticket_and_cabin
"Allison, Master. Hudson Trevor","Allison, Mrs. Hudson J C (Bessie Waldo Daniels)",shared_ticket_and_cabin
"Allison, Master. Hudson Trevor","Cleaver, Miss. Alice",shared_ticket
"Allison, Master. Hudson Trevor","Daniels, Miss. Sarah",shared_ticket
"Allison, Miss. Helen Loraine","Allison, Mr. Hudson Joshua Creighton",shared_ticket_and_cabin
"Allison, Miss. Helen Loraine","Allison, Mrs. Hudson J C (Bessie Waldo Daniels)",shared_ticket_and_cabin
"Allison, Miss. Helen Loraine","Cleaver, Miss. Alice",shared_ticket
"Allison, Miss. Helen Loraine","Daniels, Miss. Sarah",shared_ticket
"Allison, Mr. Hudson Joshua Creighton","Allison, Mrs. Hudson J C (Bessie Waldo Daniels)",shared_ticket_and_cabin
"Allison, Mr. Hudson Joshua Creighton","Cleaver, Miss. Alice",shared_ticket
"Allison, Mr. Hudson Joshua Creighton","Daniels, Miss. Sarah",shared_ticket
"Allison, Mrs. Hudson J C (Bessie Waldo Daniels)","Cleaver, Miss. Alice",shared_ticket
"Allison, Mrs. Hudson J C (Bessie Waldo Daniels)","Daniels, Miss. Sarah",shared_ticket
"Cleaver, Miss. Alice","Daniels, Miss. Sarah",shared_ticket
"Holverson, Mr. Alexander Oskar","Holverson, Mrs. Alexander Oskar (Mary Aline Towner)",shared_ticket
"Harrington, Mr. Charles H","Moore, Mr. Clarence Bloomfield",shared_ticket
"Cairns, Mr. Alexander","Serepeca, Miss. Augusta",shared_ticket
"Futrelle, Mr. Jacques Heath","Futrelle, Mrs. Jacques Heath (Lily May Peel)",shared_ticket_and_cabin
"Chambers, Mr. Norman Campbell","Chambers, Mrs. Norman Campbell (Bertha Griggs)",shared_ticket_and_cabin
"Turpin, Mr. William John Robert","Turpin, Mrs. William John Robert (Dorothy Ann Wonnacott)",shared_ticket
"Beckwith, Mr. Richard Leonard","Beckwith, Mrs. Richard Leonard (Sallie Monypeny)",shared_ticket_and_cabin
"Kimball, Mr. Edwin Nelson Jr","Kimball, Mrs. Edwin Nelson Jr (Gertrude Parsons)",shared_ticket_and_cabin
"Harder, Mr. George Achilles","Harder, Mrs. George Achilles (Dorothy Annan)",shared_ticket_and_cabin
"Earnshaw, Mrs. Boulton (Olive Potter)","Hays, Miss. Margaret Bechstein",shared_ticket_and_cabin
"Earnshaw, Mrs. Boulton (Olive Potter)","Potter, Mrs. Thomas Jr (Lily Alexenia Wilson)",shared_ticket
"Hays, Miss. Margaret Bechstein","Potter, Mrs. Thomas Jr (Lily Alexenia Wilson)",shared_ticket
"Appleton, Mrs. Edward Dale (Charlotte Lamson)","Brown, Mrs. John Murray (Caroline Lane Lamson)",shared_ticket_and_cabin
"Appleton, Mrs. Edward Dale (Charlotte Lamson)","Cornell, Mrs. Robert Clifford (Malvina Helen Lamson)",shared_cabin
"Brown, Mrs. John Murray (Caroline Lane Lamson)","Cornell, Mrs. Robert Clifford (Malvina Helen Lamson)",shared_cabin
"Stengel, Mr. Charles Emil Henry","Stengel, Mrs. Charles Emil Henry (Annie May Morris)",shared_ticket_and_cabin
"Bazzani, Miss. Albina","Bucknell, Mrs. William Robert (Emma Eliza Ward)",shared_ticket_and_cabin
"Bishop, Mr. Dickinson H","Bishop, Mrs. Dickinson H (Helen Walton)",shared_ticket_and_cabin
"Hays, Mr. Charles Melville","Hays, Mrs. Charles Melville (Clara Jennings Gregg)",shared_ticket_and_cabin
"Hays, Mr. Charles Melville","Payne, Mr. Vivian Ponsonby",shared_ticket
"Hays, Mr. Charles Melville","Perreault, Miss. Anne",shared_ticket
"Hays, Mrs. Charles Melville (Clara Jennings Gregg)","Payne, Mr. Vivian Ponsonby",shared_ticket
"Hays, Mrs. Charles Melville (Clara Jennings Gregg)","Perreault, Miss. Anne",shared_ticket
"Payne, Mr. Vivian Ponsonby","Perreault, Miss. Anne",shared_ticket
"Beattie, Mr. Thomson","McCaffry, Mr. Thomas Francis",shared_ticket_and_cabin
"Mock, Mr. Philipp Edmund","Schabert, Mrs. Paul (Emma Mock)",shared_ticket
"Mock, Mr. Philipp Edmund","Minahan, Dr. William Edward",shared_cabin
"Mock, Mr. Philipp Edmund","Minahan, Miss. Daisy E",shared_cabin
"Mock, Mr. Philipp Edmund","Minahan, Mrs. William Edward (Lillian E Thorpe)",shared_cabin
"Andrews, Miss. Kornelia Theodosia","Hogeboom, Mrs. John C (Anna Andrews)",shared_ticket
"Andrews, Miss. Kornelia Theodosia","Longley, Miss. Gretchen Fiske",shared_ticket
"Hogeboom, Mrs. John C (Anna Andrews)","Longley, Miss. Gretchen Fiske",shared_ticket
"Silvey, Mr. William Baird","Silvey, Mrs. William Baird (Alice Munger)",shared_ticket_and_cabin
"Clark, Mr. Walter Miller","Clark, Mrs. Walter Miller (Virginia McDowell)",shared_ticket_and_cabin
"Frolicher-Stehli, Mr. Maxmillian","Frolicher-Stehli, Mrs. Maxmillian (Margaretha Emerentia Stehli)",shared_ticket_and_cabin
"Smith, Mr. Lucien Philip","Smith, Mrs. Lucien Philip (Mary Eloise Hughes)",shared_ticket_and_cabin
"Bing, Mr. Lee","Chip, Mr. Chang",shared_ticket
"Bing, Mr. Lee","Foo, Mr. Choong",shared_ticket
"Bing, Mr. Lee","Hee, Mr. Ling",shared_ticket
"Bing, Mr. Lee","Lam, Mr. Ali",shared_ticket
"Bing, Mr. Lee","Lam, Mr. Len",shared_ticket
"Bing, Mr. Lee","Lang, Mr. Fang",shared_ticket
"Bing, Mr. Lee","Ling, Mr. Lee",shared_ticket
"Chip, Mr. Chang","Foo, Mr. Choong",shared_ticket
"Chip, Mr. Chang","Hee, Mr. Ling",shared_ticket
"Chip, Mr. Chang","Lam, Mr. Ali",shared_ticket
"Chip, Mr. Chang","Lam, Mr. Len",shared_ticket
"Chip, Mr. Chang","Lang, Mr. Fang",shared_ticket
"Chip, Mr. Chang","Ling, Mr. Lee",shared_ticket
"Foo, Mr. Choong","Hee, Mr. Ling",shared_ticket
"Foo, Mr. Choong","Lam, Mr. Ali",shared_ticket
"Foo, Mr. Choong","Lam, Mr. Len",shared_ticket
"Foo, Mr. Choong","Lang, Mr. Fang",shared_ticket
"Foo, Mr. Choong","Ling, Mr. Lee",shared_ticket
"Hee, Mr. Ling","Lam, Mr. Ali",shared_ticket
"Hee, Mr. Ling","Lam, Mr. Len",shared_ticket
"Hee, Mr. Ling","Lang, Mr. Fang",shared_ticket
"Hee, Mr. Ling","Ling, Mr. Lee",shared_ticket
"Lam, Mr. Ali","Lam, Mr. Len",shared_ticket
"Lam, Mr. Ali","Lang, Mr. Fang",shared_ticket
"Lam, Mr. Ali","Ling, Mr. Lee",shared_ticket
"Lam, Mr. Len","Lang, Mr. Fang",shared_ticket
"Lam, Mr. Len","Ling, Mr. Lee",shared_ticket
"Lang, Mr. Fang","Ling, Mr. Lee",shared_ticket
"Burns, Miss. Elizabeth Margaret","Spedden, Master. Robert Douglas",shared_ticket
"Burns, Miss. Elizabeth Margaret","Spedden, Mr. Frederic Oakley",shared_ticket
"Burns, Miss. Elizabeth Margaret","Spedden, Mrs. Frederic Oakley (Margaretta Corning Stone)",shared_ticket
"Burns, Miss. Elizabeth Margaret","Wilson, Miss. Helen Alice",shared_ticket
"Spedden, Master. Robert Douglas","Spedden, Mr. Frederic Oakley",shared_ticket_and_cabin
"Spedden, Master. Robert Douglas","Spedden, Mrs. Frederic Oakley (Margaretta Corning Stone)",shared_ticket_and_cabin
"Spedden, Master. Robert Douglas","Wilson, Miss. Helen Alice",shared_ticket
"Spedden, Mr. Frederic Oakley","Spedden, Mrs. Frederic Oakley (Margaretta Corning Stone)",shared_ticket_and_cabin
"Spedden, Mr. Frederic Oakley","Wilson, Miss. Helen Alice",shared_ticket
"Spedden, Mrs. Frederic Oakley (Margaretta Corning Stone)","Wilson, Miss. Helen Alice",shared_ticket
"Fleming, Miss. Margaret","Thayer, Mr. John Borland",shared_ticket
"Fleming, Miss. Margaret","Thayer, Mr. John Borland Jr",shared_ticket
"Fleming, Miss. Margaret","Thayer, Mrs. John Borland (Marian Longstreth Morris)",shared_ticket
"Thayer, Mr. John Borland","Thayer, Mr. John Borland Jr",shared_ticket
"Thayer, Mr. John Borland","Thayer, Mrs. John Borland (Marian Longstreth Morris)",shared_ticket_and_cabin
"Thayer, Mr. John Borland Jr","Thayer, Mrs. John Borland (Marian Longstreth Morris)",shared_ticket
"Goldenberg, Mr. Samuel L","Goldenberg, Mrs. Samuel L (Edwiga Grabowska)",shared_ticket_and_cabin
"Hilliard, Mr. Herbert Henry","McCarthy, Mr. Timothy J",shared_ticket_and_cabin
"Hilliard, Mr. Herbert Henry","Mardirosian, Mr. Sarkis",shared_cabin
"McCarthy, Mr. Timothy J","Mardirosian, Mr. Sarkis",shared_cabin
"Kenyon, Mr. Frederick R","Kenyon, Mrs. Frederick R (Marion)",shared_ticket_and_cabin
"Dick, Mr. Albert Adrian","Dick, Mrs. Albert Adrian (Vera Gillespie)",shared_ticket_and_cabin
"Barber, Miss. Ellen ""Nellie""","Cavendish, Mr. Tyrell William",shared_ticket
"Barber, Miss. Ellen ""Nellie""","Cavendish, Mrs. Tyrell William (Julia Florence Siegel)",shared_ticket
"Cavendish, Mr. Tyrell William","Cavendish, Mrs. Tyrell William (Julia Florence Siegel)",shared_ticket_and_cabin
"Minahan, Dr. William Edward","Minahan, Miss. Daisy E",shared_ticket_and_cabin
"Minahan, Dr. William Edward","Minahan, Mrs. William Edward (Lillian E Thorpe)",shared_ticket_and_cabin
"Minahan, Miss. Daisy E","Minahan, Mrs. William Edward (Lillian E Thorpe)",shared_ticket_and_cabin
"Hoyt, Mr. Frederick Maxfield","Hoyt, Mrs. Frederick Maxfield (Jane Anne Forby)",shared_ticket_and_cabin
"Fortune, Miss. Alice Elizabeth","Fortune, Miss. Ethel Flora",shared_ticket_and_cabin
"Fortune, Miss. Alice Elizabeth","Fortune, Miss. Mabel Helen",shared_ticket_and_cabin
"Fortune, Miss. Alice Elizabeth","Fortune, Mr. Charles Alexander",shared_ticket_and_cabin
"Fortune, Miss. Alice Elizabeth","Fortune, Mr. Mark",shared_ticket_and_cabin
"Fortune, Miss. Alice Elizabeth","Fortune, Mrs. Mark (Mary McDougald)",shared_ticket_and_cabin
"Fortune, Miss. Ethel Flora","Fortune, Miss. Mabel Helen",shared_ticket_and_cabin
"Fortune, Miss. Ethel Flora","Fortune, Mr. Charles Alexander",shared_ticket_and_cabin
"Fortune, Miss. Ethel Flora","Fortune, Mr. Mark",shared_ticket_and_cabin
"Fortune, Miss. Ethel Flora","Fortune, Mrs. Mark (Mary McDougald)",shared_ticket_and_cabin
"Fortune, Miss. Mabel Helen","Fortune, Mr. Charles Alexander",shared_ticket_and_cabin
"Fortune, Miss. Mabel Helen","Fortune, Mr. Mark",shared_ticket_and_cabin
"Fortune, Miss. Mabel Helen","Fortune, Mrs. Mark (Mary McDougald)",shared_ticket_and_cabin
"Fortune, Mr. Charles Alexander","Fortune, Mr. Mark",shared_ticket_and_cabin
"Fortune, Mr. Charles Alexander","Fortune, Mrs. Mark (Mary McDougald)",shared_ticket_and_cabin
"Fortune, Mr. Mark","Fortune, Mrs. Mark (Mary McDougald)",shared_ticket_and_cabin
"Taylor, Mr. Elmer Zebley","Taylor, Mrs. Elmer Zebley (Juliet Cummins Wright)",shared_ticket_and_cabin
"Clarke, Mr. Charles Valentine","Clarke, Mrs. Charles V (Ada Maria Winfield)",shared_ticket
"Snyder, Mr. John Pillsbury","Snyder, Mrs. John Pillsbury (Nelle Stevenson)",shared_ticket_and_cabin
"Herman, Miss. Alice","Herman, Miss. Kate",shared_ticket
"Herman, Miss. Alice","Herman, Mr. Samuel",shared_ticket
"Herman, Miss. Alice","Herman, Mrs. Samuel (Jane Laver)",shared_ticket
"Herman, Miss. Alice","Sweet, Mr. George Frederick",shared_ticket
"Herman, Miss. Kate","Herman, Mr. Samuel",shared_ticket
"Herman, Miss. Kate","Herman, Mrs. Samuel (Jane Laver)",shared_ticket
"Herman, Miss. Kate","Sweet, Mr. George Frederick",shared_ticket
"Herman, Mr. Samuel","Herman, Mrs. Samuel (Jane Laver)",shared_ticket
"Herman, Mr. Samuel","Sweet, Mr. George Frederick",shared_ticket
"Herman, Mrs. Samuel (Jane Laver)","Sweet, Mr. George Frederick",shared_ticket
"Angle, Mr. William A","Angle, Mrs. William A (Florence ""Mary"" Agnes Hughes)",shared_ticket
"Weisz, Mr. Leopold","Weisz, Mrs. Leopold (Mathilde Francoise Pede)",shared_ticket
"Navratil, Master. Edmond Roger","Navratil, Master. Michel M",shared_ticket_and_cabin
"Navratil, Master. Edmond Roger","Navratil, Mr. Michel (""Louis M Hoffman"")",shared_ticket_and_cabin
"Navratil, Master. Edmond Roger","Nesson, Mr. Israel",shared_cabin
"Navratil, Master. Michel M","Navratil, Mr. Michel (""Louis M Hoffman"")",shared_ticket_and_cabin
"Navratil, Master. Michel M","Nesson, Mr. Israel",shared_cabin
"Navratil, Mr. Michel (""Louis M Hoffman"")","Nesson, Mr. Israel",shared_cabin
"Becker, Master. Richard F","Becker, Miss. Marion Louise",shared_ticket_and_cabin
"Becker, Master. Richard F","Becker, Miss. Ruth Elizabeth",shared_ticket_and_cabin
"Becker, Master. Richard F","Becker, Mrs. Allen Oliver (Nellie E Baumgardner)",shared_ticket_and_cabin
"Becker, Miss. Marion Louise","Becker, Miss. Ruth Elizabeth",shared_ticket_and_cabin
"Becker, Miss. Marion Louise","Becker, Mrs. Allen Oliver (Nellie E Baumgardner)",shared_ticket_and_cabin
"Becker, Miss. Ruth Elizabeth","Becker, Mrs. Allen Oliver (Nellie E Baumgardner)",shared_ticket_and_cabin
"Parrish, Mrs. (Lutie Davis)","Shelley, Mrs. William (Imanita Parrish Hall)",shared_ticket
"Doling, Miss. Elsie","Doling, Mrs. John T (Ada Julia Bone)",shared_ticket
"Bryhl, Miss. Dagmar Jenny Ingeborg ","Bryhl, Mr. Kurt Arnold Gottfrid",shared_ticket
"Nasser, Mr. Nicholas","Nasser, Mrs. Nicholas (Adele Achem)",shared_ticket
"Christy, Miss. Julie Rachel","Christy, Mrs. (Alice Frances)",shared_ticket
"Campbell, Mr. William","Cunningham, Mr. Alfred Fleming",shared_ticket
"Campbell, Mr. William","Parkes, Mr. Francis ""Frank""",shared_ticket
"Cunningham, Mr. Alfred Fleming","Parkes, Mr. Francis ""Frank""",shared_ticket
"Fynney, Mr. Joseph J","Gaskell, Mr. Alfred",shared_ticket
"Howard, Mr. Benjamin","Howard, Mrs. Benjamin (Ellen Truelove Arman)",shared_ticket
"Allen, Miss. Elisabeth Walton","Kreuchen, Miss. Emilie",shared_ticket
"Allen, Miss. Elisabeth Walton","Madill, Miss. Georgette Alexandra",shared_ticket_and_cabin
"Allen, Miss. Elisabeth Walton","Robert, Mrs. Edward Scott (Elisabeth Walton McMillan)",shared_ticket
"Kreuchen, Miss. Emilie","Madill, Miss. Georgette Alexandra",shared_ticket
"Kreuchen, Miss. Emilie","Robert, Mrs. Edward Scott (Elisabeth Walton McMillan)",shared_ticket
"Madill, Miss. Georgette Alexandra","Robert, Mrs. Edward Scott (Elisabeth Walton McMillan)",shared_ticket
"Jacobsohn, Mr. Sidney Samuel","Jacobsohn, Mrs. Sidney Samuel (Amy Frances Christy)",shared_ticket
"Carter, Mrs. Ernest Courtenay (Lilian Hughes)","Carter, Rev. Ernest Courtenay",shared_ticket
"Beauchamp, Mr. Henry James","Sharp, Mr. Percival James R",shared_ticket
"Kantor, Mr. Sinai","Kantor, Mrs. Sinai (Miriam Sternin)",shared_ticket
"Harper, Miss. Annie Jessie ""Nina""","Harper, Rev. John",shared_ticket
"Harper, Miss. Annie Jessie ""Nina""","Leitch, Miss. Jessie Wills",shared_ticket
"Harper, Rev. John","Leitch, Miss. Jessie Wills",shared_ticket
"Caldwell, Master. Alden Gates","Caldwell, Mr. Albert Francis",shared_ticket
"Caldwell, Master. Alden Gates","Caldwell, Mrs. Albert Francis (Sylvia Mae Harbaugh)",shared_ticket
"Caldwell, Mr. Albert Francis","Caldwell, Mrs. Albert Francis (Sylvia Mae Harbaugh)",shared_ticket
"Mellinger, Miss. Madeleine Violet","Mellinger, Mrs. (Elizabeth Anne Maidment)",shared_ticket
"Greenberg, Mr. Samuel","Ponesell, Mr. Martin",shared_ticket
"Hamalainen, Master. Viljo","Hamalainen, Mrs. William (Anna)",shared_ticket
"Lahtinen, Mrs. William (Anna Sylfven)","Lahtinen, Rev. William",shared_ticket
"Morley, Mr. Henry Samuel (""Mr Henry Marshall"")","Phillips, Miss. Kate Florence (""Mrs Kate Louise Phillips Marshall"")",shared_ticket
"Thomas, Master. Assad Alexander","Thomas, Mrs. Alexander (Thamine ""Thelma"")",shared_ticket
"Attalah, Miss. Malake","Yousseff, Mr. Gerious",shared_ticket
"Quick, Miss. Phyllis May","Quick, Miss. Winifred Vera",shared_ticket
"Quick, Miss. Phyllis May","Quick, Mrs. Frederick Charles (Jane Richards)",shared_ticket
"Quick, Miss. Winifred Vera","Quick, Mrs. Frederick Charles (Jane Richards)",shared_ticket
"Touma, Master. Georges Youssef","Touma, Miss. Maria Youssef",shared_ticket
"Touma, Master. Georges Youssef","Touma, Mrs. Darwis (Hanne Youssef Razi)",shared_ticket
"Touma, Miss. Maria Youssef","Touma, Mrs. Darwis (Hanne Youssef Razi)",shared_ticket
"Nicola-Yarred, Master. Elias","Nicola-Yarred, Miss. Jamila",shared_ticket
"Nakid, Miss. Maria (""Mary"")","Nakid, Mr. Sahid",shared_ticket
"Nakid, Miss. Maria (""Mary"")","Nakid, Mrs. Said (Waika ""Mary"" Mowad)",shared_ticket
"Nakid, Mr. Sahid","Nakid, Mrs. Said (Waika ""Mary"" Mowad)",shared_ticket
"Yasbeck, Mr. Antoni","Yasbeck, Mrs. Antoni (Selini Alexander)",shared_ticket
"Khalil, Mr. Betros","Khalil, Mrs. Betros (Zahie ""Maria"" Elias)",shared_ticket
"Moubarek, Master. Gerios","Moubarek, Master. Halim Gonios (""William George"")",shared_ticket
"Moubarek, Master. Gerios","Moubarek, Mrs. George (Omine ""Amenia"" Alexander)",shared_ticket
"Moubarek, Master. Halim Gonios (""William George"")","Moubarek, Mrs. George (Omine ""Amenia"" Alexander)",shared_ticket
"Samaan, Mr. Elias","Samaan, Mr. Hanna",shared_ticket
"Samaan, Mr. Elias","Samaan, Mr. Youssef",shared_ticket
"Samaan, Mr. Hanna","Samaan, Mr. Youssef",shared_ticket
"Zabour, Miss. Hileni","Zabour, Miss. Thamine",shared_ticket
"Baclini, Miss. Eugenie","Baclini, Miss. Helene Barbara",shared_ticket
"Baclini, Miss. Eugenie","Baclini, Miss. Marie Catherine",shared_ticket
"Baclini, Miss. Eugenie","Baclini, Mrs. Solomon (Latifa Qurban)",shared_ticket
"Baclini, Miss. Helene Barbara","Baclini, Miss. Marie Catherine",shared_ticket
"Baclini, Miss. Helene Barbara","Baclini, Mrs. Solomon (Latifa Qurban)",shared_ticket
"Baclini, Miss. Marie Catherine","Baclini, Mrs. Solomon (Latifa Qurban)",shared_ticket
"Peter, Master. Michael J","Peter, Miss. Anna",shared_ticket
"Peter, Master. Michael J","Peter, Mrs. Catherine (Catherine Rizk)",shared_ticket
"Peter, Miss. Anna","Peter, Mrs. Catherine (Catherine Rizk)",shared_ticket
"Peter, Miss. Anna","Swane, Mr. George",shared_cabin
"Peter, Miss. Anna","Abelseth, Mr. Olaus Jorgensen",shared_cabin
"Peter, Miss. Anna","Humblen, Mr. Adolf Mathias Nicolai Olsen",shared_cabin
"Peter, Miss. Anna","Krekorian, Mr. Neshan",shared_cabin
"Peter, Miss. Anna","Mardirosian, Mr. Sarkis",shared_cabin
"Peter, Miss. Anna","Moen, Mr. Sigurd Hansen",shared_cabin
"Peter, Miss. Anna","Soholt, Mr. Peter Andreas Lauritz Andersen",shared_cabin
"Hold, Mr. Stephen","Hold, Mrs. Stephen (Annie Margaret Hill)",shared_ticket
"Boulos, Master. Akar","Boulos, Miss. Nourelain",shared_ticket
"Boulos, Master. Akar","Boulos, Mrs. Joseph (Sultana)",shared_ticket
"Boulos, Miss. Nourelain","Boulos, Mrs. Joseph (Sultana)",shared_ticket
"Chronopoulos, Mr. Apostolos","Chronopoulos, Mr. Demetrios",shared_ticket
"Caram, Mr. Joseph","Caram, Mrs. Joseph (Maria Elias)",shared_ticket
"Barbara, Miss. Saiide","Barbara, Mrs. (Catherine David)",shared_ticket
"Albimona, Mr. Nassef Cassem","Hassan, Mr. Houssein G N",shared_ticket
"Drew, Master. Marshall Brines","Drew, Mr. James Vivian",shared_ticket
"Drew, Master. Marshall Brines","Drew, Mrs. James Vivian (Lulu Thorne Christian)",shared_ticket
"Drew, Mr. James Vivian","Drew, Mrs. James Vivian (Lulu Thorne Christian)",shared_ticket
"Downton, Mr. William James","McKane, Mr. Peter David",shared_ticket
"Gale, Mr. Harry","Gale, Mr. Shadrach",shared_ticket
"Beane, Mr. Edward","Beane, Mrs. Edward (Ethel Clarke)",shared_ticket
"Wells, Master. Ralph Lester","Wells, Miss. Joan",shared_ticket
"Wells, Master. Ralph Lester","Wells, Mrs. Arthur Henry (""Addie"" Dart Trevaskis)",shared_ticket
"Wells, Miss. Joan","Wells, Mrs. Arthur Henry (""Addie"" Dart Trevaskis)",shared_ticket
"Hocking, Miss. Ellen ""Nellie""","Hocking, Mrs. Elizabeth (Eliza Needs)",shared_ticket
"Richards, Master. George Sibley","Richards, Master. William Rowe",shared_ticket
"Richards, Master. George Sibley","Richards, Mrs. Sidney (Emily Hocking)",shared_ticket
"Richards, Master. William Rowe","Richards, Mrs. Sidney (Emily Hocking)",shared_ticket
"Faunthorpe, Mr. Harry","Faunthorpe, Mrs. Lizzie (Elizabeth Anne Wilkinson)",shared_ticket
"Brown, Miss. Edith Eileen","Brown, Mr. Thomas William Solomon",shared_ticket
"Brown, Miss. Edith Eileen","Brown, Mrs. Thomas William Solomon (Elizabeth Catherine Ford)",shared_ticket
"Brown, Mr. Thomas William Solomon","Brown, Mrs. Thomas William Solomon (Elizabeth Catherine Ford)",shared_ticket
"Backstrom, Mr. Karl Alfred","Backstrom, Mrs. Karl Alfred (Maria Mathilda Gustafsson)",shared_ticket
"Panula, Master. Eino Viljami","Panula, Master. Juha Niilo",shared_ticket
"Panula, Master. Eino Viljami","Panula, Master. Urho Abraham",shared_ticket
"Panula, Master. Eino Viljami","Panula, Mr. Ernesti Arvid",shared_ticket
"Panula, Master. Eino Viljami","Panula, Mr. Jaako Arnold",shared_ticket
"Panula, Master. Eino Viljami","Panula, Mrs. Juha (Maria Emilia Ojala)",shared_ticket
"Panula, Master. Eino Viljami","Riihivouri, Miss. Susanna Juhantytar ""Sanni""",shared_ticket
"Panula, Master. Juha Niilo","Panula, Master. Urho Abraham",shared_ticket
"Panula, Master. Juha Niilo","Panula, Mr. Ernesti Arvid",shared_ticket
"Panula, Master. Juha Niilo","Panula, Mr. Jaako Arnold",shared_ticket
"Panula, Master. Juha Niilo","Panula, Mrs. Juha (Maria Emilia Ojala)",shared_ticket
"Panula, Master. Juha Niilo","Riihivouri, Miss. Susanna Juhantytar ""Sanni""",shared_ticket
"Panula, Master. Urho Abraham","Panula, Mr. Ernesti Arvid",shared_ticket
"Panula, Master. Urho Abraham","Panula, Mr. Jaako Arnold",shared_ticket
"Panula, Master. Urho Abraham","Panula, Mrs. Juha (Maria Emilia Ojala)",shared_ticket
"Panula, Master. Urho Abraham","Riihivouri, Miss. Susanna Juhantytar ""Sanni""",shared_ticket
"Panula, Mr. Ernesti Arvid","Panula, Mr. Jaako Arnold",shared_ticket
"Panula, Mr. Ernesti Arvid","Panula, Mrs. Juha (Maria Emilia Ojala)",shared_ticket
"Panula, Mr. Ernesti Arvid","Riihivouri, Miss. Susanna Juhantytar ""Sanni""",shared_ticket
"Panula, Mr. Jaako Arnold","Panula, Mrs. Juha (Maria Emilia Ojala)",shared_ticket
"Panula, Mr. Jaako Arnold","Riihivouri, Miss. Susanna Juhantytar ""Sanni""",shared_ticket
"Panula, Mrs. Juha (Maria Emilia Ojala)","Riihivouri, Miss. Susanna Juhantytar ""Sanni""",shared_ticket
"Hirvonen, Miss. Hildur E","Hirvonen, Mrs. Alexander (Helga E Lindqvist)",shared_ticket
"Renouf, Mr. Peter Henry","Renouf, Mrs. Peter Henry (Lillian Jefferys)",shared_ticket
"Kink-Heilmann, Miss. Luise Gretchen","Kink-Heilmann, Mr. Anton",shared_ticket
"Kink-Heilmann, Miss. Luise Gretchen","Kink-Heilmann, Mrs. Anton (Luise Heilmann)",shared_ticket
"Kink-Heilmann, Mr. Anton","Kink-Heilmann, Mrs. Anton (Luise Heilmann)",shared_ticket
"Dodge, Dr. Washington","Dodge, Master. Washington",shared_ticket_and_cabin
"Dodge, Dr. Washington","Dodge, Mrs. Washington (Ruth Vidaver)",shared_ticket_and_cabin
"Dodge, Master. Washington","Dodge, Mrs. Washington (Ruth Vidaver)",shared_ticket_and_cabin
"de Messemaeker, Mr. Guillaume Joseph","de Messemaeker, Mrs. Guillaume Joseph (Emma)",shared_ticket
"Vander Planke, Mr. Julius","Vander Planke, Mrs. Julius (Emelia Maria Vandemoortele)",shared_ticket
"Vander Planke, Miss. Augusta Maria","Vander Planke, Mr. Leo Edmondus",shared_ticket
"Van Impe, Miss. Catharina","Van Impe, Mr. Jean Baptiste",shared_ticket
"Van Impe, Miss. Catharina","Van Impe, Mrs. Jean Baptiste (Rosalie Paula Govaert)",shared_ticket
"Van Impe, Mr. Jean Baptiste","Van Impe, Mrs. Jean Baptiste (Rosalie Paula Govaert)",shared_ticket
"Strom, Miss. Telma Matilda","Strom, Mrs. Wilhelm (Elna Matilda Persson)",shared_ticket_and_cabin
"Strom, Miss. Telma Matilda","Sandstrom, Miss. Beatrice Irene",shared_cabin
"Strom, Miss. Telma Matilda","Sandstrom, Mrs. Hjalmar (Agnes Charlotta Bengtsson)",shared_cabin
"Strom, Miss. Telma Matilda","Sandstrom, Miss. Marguerite Rut",shared_cabin
"Strom, Mrs. Wilhelm (Elna Matilda Persson)","Sandstrom, Miss. Beatrice Irene",shared_cabin
"Strom, Mrs. Wilhelm (Elna Matilda Persson)","Sandstrom, Mrs. Hjalmar (Agnes Charlotta Bengtsson)",shared_cabin
"Strom, Mrs. Wilhelm (Elna Matilda Persson)","Sandstrom, Miss. Marguerite Rut",shared_cabin
"Dyker, Mr. Adolf Fredrik","Dyker, Mrs. Adolf Fredrik (Anna Elisabeth Judith Andersson)",shared_ticket
"Asplund, Master. Carl Edgar","Asplund, Master. Clarence Gustaf Hugo",shared_ticket
"Asplund, Master. Carl Edgar","Asplund, Master. Edvin Rojj Felix",shared_ticket
"Asplund, Master. Carl Edgar","Asplund, Master. Filip Oscar",shared_ticket
"Asplund, Master. Carl Edgar","Asplund, Miss. Lillian Gertrud",shared_ticket
"Asplund, Master. Carl Edgar","Asplund, Mr. Carl Oscar Vilhelm Gustafsson",shared_ticket
"Asplund, Master. Carl Edgar","Asplund, Mrs. Carl Oscar (Selma Augusta Emilia Johansson)",shared_ticket
"Asplund, Master. Clarence Gustaf Hugo","Asplund, Master. Edvin Rojj Felix",shared_ticket
"Asplund, Master. Clarence Gustaf Hugo","Asplund, Master. Filip Oscar",shared_ticket
"Asplund, Master. Clarence Gustaf Hugo","Asplund, Miss. Lillian Gertrud",shared_ticket
"Asplund, Master. Clarence Gustaf Hugo","Asplund, Mr. Carl Oscar Vilhelm Gustafsson",shared_ticket
"Asplund, Master. Clarence Gustaf Hugo","Asplund, Mrs. Carl Oscar (Selma Augusta Emilia Johansson)",shared_ticket
"Asplund, Master. Edvin Rojj Felix","Asplund, Master. Filip Oscar",shared_ticket
"Asplund, Master. Edvin Rojj Felix","Asplund, Miss. Lillian Gertrud",shared_ticket
"Asplund, Master. Edvin Rojj Felix","Asplund, Mr. Carl Oscar Vilhelm Gustafsson",shared_ticket
"Asplund, Master. Edvin Rojj Felix","Asplund, Mrs. Carl Oscar (Selma Augusta Emilia Johansson)",shared_ticket
"Asplund, Master. Filip Oscar","Asplund, Miss. Lillian Gertrud",shared_ticket
"Asplund, Master. Filip Oscar","Asplund, Mr. Carl Oscar Vilhelm Gustafsson",shared_ticket
"Asplund, Master. Filip Oscar","Asplund, Mrs. Carl Oscar (Selma Augusta Emilia Johansson)",shared_ticket
"Asplund, Miss. Lillian Gertrud","Asplund, Mr. Carl Oscar Vilhelm Gustafsson",shared_ticket
"Asplund, Miss. Lillian Gertrud","Asplund, Mrs. Carl Oscar (Selma Augusta Emilia Johansson)",shared_ticket
"Asplund, Mr. Carl Oscar Vilhelm Gustafsson","Asplund, Mrs. Carl Oscar (Selma Augusta Emilia Johansson)",shared_ticket
"Danbom, Master. Gilbert Sigvard Emanuel","Danbom, Mr. Ernst Gilbert",shared_ticket
"Danbom, Master. Gilbert Sigvard Emanuel","Danbom, Mrs. Ernst Gilbert (Anna Sigrid Maria Brogren)",shared_ticket
"Danbom, Mr. Ernst Gilbert","Danbom, Mrs. Ernst Gilbert (Anna Sigrid Maria Brogren)",shared_ticket
"Andersson, Master. Sigvard Harald Elias","Andersson, Miss. Ebba Iris Alfrida",shared_ticket
"Andersson, Master. Sigvard Harald Elias","Andersson, Miss. Ellis Anna Maria",shared_ticket
"Andersson, Master. Sigvard Harald Elias","Andersson, Miss. Ingeborg Constanzia",shared_ticket
"Andersson, Master. Sigvard Harald Elias","Andersson, Miss. Sigrid Elisabeth",shared_ticket
"Andersson, Master. Sigvard Harald Elias","Andersson, Mr. Anders Johan",shared_ticket
"Andersson, Master. Sigvard Harald Elias","Andersson, Mrs. Anders Johan (Alfrida Konstantia Brogren)",shared_ticket
"Andersson, Miss. Ebba Iris Alfrida","Andersson, Miss. Ellis Anna Maria",shared_ticket
"Andersson, Miss. Ebba Iris Alfrida","Andersson, Miss. Ingeborg Constanzia",shared_ticket
"Andersson, Miss. Ebba Iris Alfrida","Andersson, Miss. Sigrid Elisabeth",shared_ticket
"Andersson, Miss. Ebba Iris Alfrida","Andersson, Mr. Anders Johan",shared_ticket
"Andersson, Miss. Ebba Iris Alfrida","Andersson, Mrs. Anders Johan (Alfrida Konstantia Brogren)",shared_ticket
"Andersson, Miss. Ellis Anna Maria","Andersson, Miss. Ingeborg Constanzia",shared_ticket
"Andersson, Miss. Ellis Anna Maria","Andersson, Miss. Sigrid Elisabeth",shared_ticket
"Andersson, Miss. Ellis Anna Maria","Andersson, Mr. Anders Johan",shared_ticket
"Andersson, Miss. Ellis Anna Maria","Andersson, Mrs. Anders Johan (Alfrida Konstantia Brogren)",shared_ticket
"Andersson, Miss. Ingeborg Constanzia","Andersson, Miss. Sigrid Elisabeth",shared_ticket
"Andersson, Miss. Ingeborg Constanzia","Andersson, Mr. Anders Johan",shared_ticket
"Andersson, Miss. Ingeborg Constanzia","Andersson, Mrs. Anders Johan (Alfrida Konstantia Brogren)",shared_ticket
"Andersson, Miss. Sigrid Elisabeth","Andersson, Mr. Anders Johan",shared_ticket
"Andersson, Miss. Sigrid Elisabeth","Andersson, Mrs. Anders Johan (Alfrida Konstantia Brogren)",shared_ticket
"Andersson, Mr. Anders Johan","Andersson, Mrs. Anders Johan (Alfrida Konstantia Brogren)",shared_ticket
"Skoog, Master. Harald","Skoog, Master. Karl Thorsten",shared_ticket
"Skoog, Master. Harald","Skoog, Miss. Mabel",shared_ticket
"Skoog, Master. Harald","Skoog, Miss. Margit Elizabeth",shared_ticket
"Skoog, Master. Harald","Skoog, Mr. Wilhelm",shared_ticket
"Skoog, Master. Harald","Skoog, Mrs. William (Anna Bernhardina Karlsson)",shared_ticket
"Skoog, Master. Karl Thorsten","Skoog, Miss. Mabel",shared_ticket
"Skoog, Master. Karl Thorsten","Skoog, Miss. Margit Elizabeth",shared_ticket
"Skoog, Master. Karl Thorsten","Skoog, Mr. Wilhelm",shared_ticket
"Skoog, Master. Karl Thorsten","Skoog, Mrs. William (Anna Bernhardina Karlsson)",shared_ticket
"Skoog, Miss. Mabel","Skoog, Miss. Margit Elizabeth",shared_ticket
"Skoog, Miss. Mabel","Skoog, Mr. Wilhelm",shared_ticket
"Skoog, Miss. Mabel","Skoog, Mrs. William (Anna Bernhardina Karlsson)",shared_ticket
"Skoog, Miss. Margit Elizabeth","Skoog, Mr. Wilhelm",shared_ticket
"Skoog, Miss. Margit Elizabeth","Skoog, Mrs. William (Anna Bernhardina Karlsson)",shared_ticket
"Skoog, Mr. Wilhelm","Skoog, Mrs. William (Anna Bernhardina Karlsson)",shared_ticket
"Johnson, Master. Harold Theodor","Johnson, Miss. Eleanor Ileen",shared_ticket
"Johnson, Master. Harold Theodor","Johnson, Mrs. Oscar W (Elisabeth Vilhelmina Berg)",shared_ticket
"Johnson, Miss. Eleanor Ileen","Johnson, Mrs. Oscar W (Elisabeth Vilhelmina Berg)",shared_ticket
"Arnold-Franchi, Mr. Josef","Arnold-Franchi, Mrs. Josef (Josefine Franchi)",shared_ticket
"Karun, Miss. Manca","Karun, Mr. Franz",shared_ticket
"Palsson, Master. Gosta Leonard","Palsson, Master. Paul Folke",shared_ticket
"Palsson, Master. Gosta Leonard","Palsson, Miss. Stina Viola",shared_ticket
"Palsson, Master. Gosta Leonard","Palsson, Miss. Torborg Danira",shared_ticket
"Palsson, Master. Gosta Leonard","Palsson, Mrs. Nils (Alma Cornelia Berglund)",shared_ticket
"Palsson, Master. Paul Folke","Palsson, Miss. Stina Viola",shared_ticket
"Palsson, Master. Paul Folke","Palsson, Miss. Torborg Danira",shared_ticket
"Palsson, Master. Paul Folke","Palsson, Mrs. Nils (Alma Cornelia Berglund)",shared_ticket
"Palsson, Miss. Stina Viola","Palsson, Miss. Torborg Danira",shared_ticket
"Palsson, Miss. Stina Viola","Palsson, Mrs. Nils (Alma Cornelia Berglund)",shared_ticket
"Palsson, Miss. Torborg Danira","Palsson, Mrs. Nils (Alma Cornelia Berglund)",shared_ticket
"Lindell, Mr. Edvard Bengtsson","Lindell, Mrs. Edvard Bengtsson (Elin Gerda Persson)",shared_ticket
"Hansen, Mr. Claus Peter","Hansen, Mrs. Claus Peter (Jennie L Howard)",shared_ticket
"Klasen, Miss. Gertrud Emilia","Klasen, Mrs. (Hulda Kristina Eugenia Lofqvist)",shared_ticket
"Newell, Miss. Madeleine","Newell, Miss. Marjorie",shared_ticket_and_cabin
"Newell, Miss. Madeleine","Newell, Mr. Arthur Webster",shared_ticket
"Newell, Miss. Marjorie","Newell, Mr. Arthur Webster",shared_ticket
"White, Mr. Percival Wayland","White, Mr. Richard Frasar",shared_ticket_and_cabin
"Garfirth, Mr. John","Patchett, Mr. George",shared_ticket
"Goldsmith, Master. Frank John William ""Frankie""","Goldsmith, Mr. Frank John",shared_ticket
"Goldsmith, Master. Frank John William ""Frankie""","Goldsmith, Mrs. Frank John (Emily Alice Brown)",shared_ticket
"Goldsmith, Mr. Frank John","Goldsmith, Mrs. Frank John (Emily Alice Brown)",shared_ticket
"Risien, Mr. Samuel Beard","Risien, Mrs. Samuel (Emma)",shared_ticket
"Dowdell, Miss. Elizabeth","Emanuel, Miss. Virginia Ethel",shared_ticket
"Bourke, Mr. John","Bourke, Mrs. John (Catherine)",shared_ticket
"McEvoy, Mr. Michael","Murphy, Miss. Nora",shared_ticket
"McCoy, Miss. Agnes","McCoy, Miss. Alicia",shared_ticket
"McCoy, Miss. Agnes","McCoy, Mr. Bernard",shared_ticket
"McCoy, Miss. Alicia","McCoy, Mr. Bernard",shared_ticket
"Murphy, Miss. Katherine ""Kate""","Murphy, Miss. Margaret Jane",shared_ticket
"Bonnell, Miss. Caroline","Wick, Miss. Mary Natalie",shared_ticket_and_cabin
"Bonnell, Miss. Caroline","Wick, Mr. George Dennick",shared_ticket
"Bonnell, Miss. Caroline","Wick, Mrs. George Dennick (Mary Hitchcock)",shared_ticket
"Wick, Miss. Mary Natalie","Wick, Mr. George Dennick",shared_ticket
"Wick, Miss. Mary Natalie","Wick, Mrs. George Dennick (Mary Hitchcock)",shared_ticket
"Wick, Mr. George Dennick","Wick, Mrs. George Dennick (Mary Hitchcock)",shared_ticket
"Eustis, Miss. Elizabeth Mussey","Stephenson, Mrs. Walter Bertram (Martha Eustis)",shared_ticket_and_cabin
"Harris, Mr. Henry Birkhardt","Harris, Mrs. Henry Birkhardt (Irene Wallach)",shared_ticket_and_cabin
"Rosblom, Miss. Salli Helena","Rosblom, Mr. Viktor Richard",shared_ticket
"Rosblom, Miss. Salli Helena","Rosblom, Mrs. Viktor (Helena Wilhelmina)",shared_ticket
"Rosblom, Mr. Viktor Richard","Rosblom, Mrs. Viktor (Helena Wilhelmina)",shared_ticket
"O'Brien, Mr. Thomas","O'Brien, Mrs. Thomas (Johanna ""Hannah"" Godfrey)",shared_ticket
"Lennon, Miss. Mary","Lennon, Mr. Denis",shared_ticket
"Moran, Miss. Bertha","Moran, Mr. Daniel J",shared_ticket
"Moran, Miss. Bertha","Ryan, Mr. Patrick",shared_ticket
"Moran, Mr. Daniel J","Ryan, Mr. Patrick",shared_ticket
"Cribb, Miss. Laura Alice","Cribb, Mr. John Hatfield",shared_ticket
"Thorneycroft, Mr. Percival","Thorneycroft, Mrs. Percival (Florence Kate White)",shared_ticket
"McNamee, Mr. Neal","McNamee, Mrs. Neal (Eileen O'Leary)",shared_ticket
"Rice, Master. Albert","Rice, Master. Arthur",shared_ticket
"Rice, Master. Albert","Rice, Master. Eric",shared_ticket
"Rice, Master. Albert","Rice, Master. Eugene",shared_ticket
"Rice, Master. Albert","Rice, Master. George Hugh",shared_ticket
"Rice, Master. Albert","Rice, Mrs. William (Margaret Norton)",shared_ticket
"Rice, Master. Arthur","Rice, Master. Eric",shared_ticket
"Rice, Master. Arthur","Rice, Master. Eugene",shared_ticket
"Rice, Master. Arthur","Rice, Master. George Hugh",shared_ticket
"Rice, Master. Arthur","Rice, Mrs. William (Margaret Norton)",shared_ticket
"Rice, Master. Eric","Rice, Master. Eugene",shared_ticket
"Rice, Master. Eric","Rice, Master. George Hugh",shared_ticket
"Rice, Master. Eric","Rice, Mrs. William (Margaret Norton)",shared_ticket
"Rice, Master. Eugene","Rice, Master. George Hugh",shared_ticket
"Rice, Master. Eugene","Rice, Mrs. William (Margaret Norton)",shared_ticket
"Rice, Master. George Hugh","Rice, Mrs. William (Margaret Norton)",shared_ticket
"Davison, Mr. Thomas Henry","Davison, Mrs. Thomas Henry (Mary E Finck)",shared_ticket
"Aks, Master. Philip Frank","Aks, Mrs. Sam (Leah Rosen)",shared_ticket
"Moor, Master. Meier","Moor, Mrs. (Beila)",shared_ticket_and_cabin
"Lefebre, Master. Henry Forbes","Lefebre, Miss. Ida",shared_ticket
"Lefebre, Master. Henry Forbes","Lefebre, Miss. Jeannie",shared_ticket
"Lefebre, Master. Henry Forbes","Lefebre, Miss. Mathilde",shared_ticket
"Lefebre, Master. Henry Forbes","Lefebre, Mrs. Frank (Frances)",shared_ticket
"Lefebre, Miss. Ida","Lefebre, Miss. Jeannie",shared_ticket
"Lefebre, Miss. Ida","Lefebre, Miss. Mathilde",shared_ticket
"Lefebre, Miss. Ida","Lefebre, Mrs. Frank (Frances)",shared_ticket
"Lefebre, Miss. Jeannie","Lefebre, Miss. Mathilde",shared_ticket
"Lefebre, Miss. Jeannie","Lefebre, Mrs. Frank (Frances)",shared_ticket
"Lefebre, Miss. Mathilde","Lefebre, Mrs. Frank (Frances)",shared_ticket
"Bowen, Mr. David John ""Dai""","Williams, Mr. Leslie",shared_ticket
"Gustafsson, Mr. Alfred Ossian","Osen, Mr. Olaf Elon",shared_ticket
"Davies, Mr. Alfred J","Davies, Mr. John Samuel",shared_ticket
"Davies, Mr. Alfred J","Lester, Mr. James",shared_ticket
"Davies, Mr. John Samuel","Lester, Mr. James",shared_ticket
"Lobb, Mr. William Arthur","Lobb, Mrs. William Arthur (Cordelia K Stanlick)",shared_ticket
"Robins, Mr. Alexander A","Robins, Mrs. Alexander A (Grace Charity Laury)",shared_ticket
"van Billiard, Master. James William","van Billiard, Master. Walter John",shared_ticket
"van Billiard, Master. James William","van Billiard, Mr. Austin Blyler",shared_ticket
"van Billiard, Master. Walter John","van Billiard, Mr. Austin Blyler",shared_ticket
"Andersen, Mr. Albert Karvin","Holthen, Mr. Johan Martin",shared_ticket
"Andersen, Mr. Albert Karvin","Olsen, Mr. Henry Margido",shared_ticket
"Holthen, Mr. Johan Martin","Olsen, Mr. Henry Margido",shared_ticket
"Dean, Master. Bertram Vere","Dean, Miss. Elizabeth Gladys ""Millvina""",shared_ticket
"Dean, Master. Bertram Vere","Dean, Mr. Bertram Frank",shared_ticket
"Dean, Master. Bertram Vere","Dean, Mrs. Bertram (Eva Georgetta Light)",shared_ticket
"Dean, Miss. Elizabeth Gladys ""Millvina""","Dean, Mr. Bertram Frank",shared_ticket
"Dean, Miss. Elizabeth Gladys ""Millvina""","Dean, Mrs. Bertram (Eva Georgetta Light)",shared_ticket
"Dean, Mr. Bertram Frank","Dean, Mrs. Bertram (Eva Georgetta Light)",shared_ticket
"Abbott, Master. Eugene Joseph","Abbott, Mr. Rossmore Edward",shared_ticket
"Abbott, Master. Eugene Joseph","Abbott, Mrs. Stanton (Rosa Hunt)",shared_ticket
"Abbott, Mr. Rossmore Edward","Abbott, Mrs. Stanton (Rosa Hunt)",shared_ticket
"Denbury, Mr. Herbert","Jefferys, Mr. Clifford Thomas",shared_ticket
"Denbury, Mr. Herbert","Jefferys, Mr. Ernest Wilfred",shared_ticket
"Jefferys, Mr. Clifford Thomas","Jefferys, Mr. Ernest Wilfred",shared_ticket
"Collyer, Miss. Marjorie ""Lottie""","Collyer, Mr. Harvey",shared_ticket
"Collyer, Miss. Marjorie ""Lottie""","Collyer, Mrs. Harvey (Charlotte Annie Tate)",shared_ticket
"Collyer, Mr. Harvey","Collyer, Mrs. Harvey (Charlotte Annie Tate)",shared_ticket
"Davies, Master. John Morgan Jr","Davies, Mrs. John Morgan (Elizabeth Agnes Mary White) ",shared_ticket
"Davies, Master. John Morgan Jr","Nicholls, Mr. Joseph Charles",shared_ticket
"Davies, Master. John Morgan Jr","Sincock, Miss. Maude",shared_ticket
"Davies, Mrs. John Morgan (Elizabeth Agnes Mary White) ","Nicholls, Mr. Joseph Charles",shared_ticket
"Davies, Mrs. John Morgan (Elizabeth Agnes Mary White) ","Sincock, Miss. Maude",shared_ticket
"Nicholls, Mr. Joseph Charles","Sincock, Miss. Maude",shared_ticket
"Watt, Miss. Bertha J","Watt, Mrs. James (Elizabeth ""Bessie"" Inglis Milne)",shared_ticket
"West, Miss. Barbara J","West, Miss. Constance Mirium",shared_ticket
"West, Miss. Barbara J","West, Mr. Edwy Arthur",shared_ticket
"West, Miss. Barbara J","West, Mrs. Edwy Arthur (Ada Mary Worth)",shared_ticket
"West, Miss. Constance Mirium","West, Mr. Edwy Arthur",shared_ticket
"West, Miss. Constance Mirium","West, Mrs. Edwy Arthur (Ada Mary Worth)",shared_ticket
"West, Mr. Edwy Arthur","West, Mrs. Edwy Arthur (Ada Mary Worth)",shared_ticket
"Coutts, Master. Eden Leslie ""Neville""","Coutts, Master. William Loch ""William""",shared_ticket
"Coutts, Master. Eden Leslie ""Neville""","Coutts, Mrs. William (Winnie ""Minnie"" Treanor)",shared_ticket
"Coutts, Master. William Loch ""William""","Coutts, Mrs. William (Winnie ""Minnie"" Treanor)",shared_ticket
"Everett, Mr. Thomas James","Shellard, Mr. Frederick William",shared_ticket
"Goodwin, Master. Harold Victor","Goodwin, Master. Sidney Leonard",shared_ticket
"Goodwin, Master. Harold Victor","Goodwin, Master. William Frederick",shared_ticket
"Goodwin, Master. Harold Victor","Goodwin, Miss. Jessie Allis",shared_ticket
"Goodwin, Master. Harold Victor","Goodwin, Miss. Lillian Amy",shared_ticket
"Goodwin, Master. Harold Victor","Goodwin, Mr. Charles Edward",shared_ticket
"Goodwin, Master. Harold Victor","Goodwin, Mr. Charles Frederick",shared_ticket
"Goodwin, Master. Harold Victor","Goodwin, Mrs. Frederick (Augusta Tyler)",shared_ticket
"Goodwin, Master. Sidney Leonard","Goodwin, Master. William Frederick",shared_ticket
"Goodwin, Master. Sidney Leonard","Goodwin, Miss. Jessie Allis",shared_ticket
"Goodwin, Master. Sidney Leonard","Goodwin, Miss. Lillian Amy",shared_ticket
"Goodwin, Master. Sidney Leonard","Goodwin, Mr. Charles Edward",shared_ticket
"Goodwin, Master. Sidney Leonard","Goodwin, Mr. Charles Frederick",shared_ticket
"Goodwin, Master. Sidney Leonard","Goodwin, Mrs. Frederick (Augusta Tyler)",shared_ticket
"Goodwin, Master. William Frederick","Goodwin, Miss. Jessie Allis",shared_ticket
"Goodwin, Master. William Frederick","Goodwin, Miss. Lillian Amy",shared_ticket
"Goodwin, Master. William Frederick","Goodwin, Mr. Charles Edward",shared_ticket
"Goodwin, Master. William Frederick","Goodwin, Mr. Charles Frederick",shared_ticket
"Goodwin, Master. William Frederick","Goodwin, Mrs. Frederick (Augusta Tyler)",shared_ticket
"Goodwin, Miss. Jessie Allis","Goodwin, Miss. Lillian Amy",shared_ticket
"Goodwin, Miss. Jessie Allis","Goodwin, Mr. Charles Edward",shared_ticket
"Goodwin, Miss. Jessie Allis","Goodwin, Mr. Charles Frederick",shared_ticket
"Goodwin, Miss. Jessie Allis","Goodwin, Mrs. Frederick (Augusta Tyler)",shared_ticket
"Goodwin, Miss. Lillian Amy","Goodwin, Mr. Charles Edward",shared_ticket
"Goodwin, Miss. Lillian Amy","Goodwin, Mr. Charles Frederick",shared_ticket
"Goodwin, Miss. Lillian Amy","Goodwin, Mrs. Frederick (Augusta Tyler)",shared_ticket
"Goodwin, Mr. Charles Edward","Goodwin, Mr. Charles Frederick",shared_ticket
"Goodwin, Mr. Charles Edward","Goodwin, Mrs. Frederick (Augusta Tyler)",shared_ticket
"Goodwin, Mr. Charles Frederick","Goodwin, Mrs. Frederick (Augusta Tyler)",shared_ticket
"Ware, Mr. John James","Ware, Mrs. John James (Florence Louise Long)",shared_ticket
"Sage, Master. Thomas Henry","Sage, Master. William Henry",shared_ticket
"Sage, Master. Thomas Henry","Sage, Miss. Ada",shared_ticket
"Sage, Master. Thomas Henry","Sage, Miss. Constance Gladys",shared_ticket
"Sage, Master. Thomas Henry","Sage, Miss. Dorothy Edith ""Dolly""",shared_ticket
"Sage, Master. Thomas Henry","Sage, Miss. Stella Anna",shared_ticket
"Sage, Master. Thomas Henry","Sage, Mr. Douglas Bullen",shared_ticket
"Sage, Master. Thomas Henry","Sage, Mr. Frederick",shared_ticket
"Sage, Master. Thomas Henry","Sage, Mr. George John Jr",shared_ticket
"Sage, Master. Thomas Henry","Sage, Mr. John George",shared_ticket
"Sage, Master. Thomas Henry","Sage, Mrs. John (Annie Bullen)",shared_ticket
"Sage, Master. William Henry","Sage, Miss. Ada",shared_ticket
"Sage, Master. William Henry","Sage, Miss. Constance Gladys",shared_ticket
"Sage, Master. William Henry","Sage, Miss. Dorothy Edith ""Dolly""",shared_ticket
"Sage, Master. William Henry","Sage, Miss. Stella Anna",shared_ticket
"Sage, Master. William Henry","Sage, Mr. Douglas Bullen",shared_ticket
"Sage, Master. William Henry","Sage, Mr. Frederick",shared_ticket
"Sage, Master. William Henry","Sage, Mr. George John Jr",shared_ticket
"Sage, Master. William Henry","Sage, Mr. John George",shared_ticket
"Sage, Master. William Henry","Sage, Mrs. John (Annie Bullen)",shared_ticket
"Sage, Miss. Ada","Sage, Miss. Constance Gladys",shared_ticket
"Sage, Miss. Ada","Sage, Miss. Dorothy Edith ""Dolly""",shared_ticket
"Sage, Miss. Ada","Sage, Miss. Stella Anna",shared_ticket
"Sage, Miss. Ada","Sage, Mr. Douglas Bullen",shared_ticket
"Sage, Miss. Ada","Sage, Mr. Frederick",shared_ticket
"Sage, Miss. Ada","Sage, Mr. George John Jr",shared_ticket
"Sage, Miss. Ada","Sage, Mr. John George",shared_ticket
"Sage, Miss. Ada","Sage, Mrs. John (Annie Bullen)",shared_ticket
"Sage, Miss. Constance Gladys","Sage, Miss. Dorothy Edith ""Dolly""",shared_ticket
"Sage, Miss. Constance Gladys","Sage, Miss. Stella Anna",shared_ticket
"Sage, Miss. Constance Gladys","Sage, Mr. Douglas Bullen",shared_ticket
"Sage, Miss. Constance Gladys","Sage, Mr. Frederick",shared_ticket
"Sage, Miss. Constance Gladys","Sage, Mr. George John Jr",shared_ticket
"Sage, Miss. Constance Gladys","Sage, Mr. John George",shared_ticket
"Sage, Miss. Constance Gladys","Sage, Mrs. John (Annie Bullen)",shared_ticket
"Sage, Miss. Dorothy Edith ""Dolly""","Sage, Miss. Stella Anna",shared_ticket
"Sage, Miss. Dorothy Edith ""Dolly""","Sage, Mr. Douglas Bullen",shared_ticket
"Sage, Miss. Dorothy Edith ""Dolly""","Sage, Mr. Frederick",shared_ticket
"Sage, Miss. Dorothy Edith ""Dolly""","Sage, Mr. George John Jr",shared_ticket
"Sage, Miss. Dorothy Edith ""Dolly""","Sage, Mr. John George",shared_ticket
"Sage, Miss. Dorothy Edith ""Dolly""","Sage, Mrs. John (Annie Bullen)",shared_ticket
"Sage, Miss. Stella Anna","Sage, Mr. Douglas Bullen",shared_ticket
"Sage, Miss. Stella Anna","Sage, Mr. Frederick",shared_ticket
"Sage, Miss. Stella Anna","Sage, Mr. George John Jr",shared_ticket
"Sage, Miss. Stella Anna","Sage, Mr. John George",shared_ticket
"Sage, Miss. Stella Anna","Sage, Mrs. John (Annie Bullen)",shared_ticket
"Sage, Mr. Douglas Bullen","Sage, Mr. Frederick",shared_ticket
"Sage, Mr. Douglas Bullen","Sage, Mr. George John Jr",shared_ticket
"Sage, Mr. Douglas Bullen","Sage, Mr. John George",shared_ticket
"Sage, Mr. Douglas Bullen","Sage, Mrs. John (Annie Bullen)",shared_ticket
"Sage, Mr. Frederick","Sage, Mr. George John Jr",shared_ticket
"Sage, Mr. Frederick","Sage, Mr. John George",shared_ticket
"Sage, Mr. Frederick","Sage, Mrs. John (Annie Bullen)",shared_ticket
"Sage, Mr. George John Jr","Sage, Mr. John George",shared_ticket
"Sage, Mr. George John Jr","Sage, Mrs. John (Annie Bullen)",shared_ticket
"Sage, Mr. John George","Sage, Mrs. John (Annie Bullen)",shared_ticket
"Davidson, Mr. Thornton","Davidson, Mrs. Thornton (Orian Hays)",shared_ticket_and_cabin
"Cameron, Miss. Clear Annie","Walcroft, Miss. Nellie",shared_ticket
"Hart, Miss. Eva Miriam","Hart, Mr. Benjamin",shared_ticket
"Hart, Miss. Eva Miriam","Hart, Mrs. Benjamin (Esther Ada Bloomfield)",shared_ticket
"Hart, Mr. Benjamin","Hart, Mrs. Benjamin (Esther Ada Bloomfield)",shared_ticket
"Corey, Mrs. Percy C (Mary Phyllis Elizabeth Miller)","Karnes, Mrs. J Frank (Claire Bennett)",shared_ticket
"Johnson, Mr. Alfred","Johnson, Mr. William Cahoone Jr",shared_ticket
"Johnson, Mr. Alfred","Leonard, Mr. Lionel",shared_ticket
"Johnson, Mr. Alfred","Tornquist, Mr. William Henry",shared_ticket
"Johnson, Mr. William Cahoone Jr","Leonard, Mr. Lionel",shared_ticket
"Johnson, Mr. William Cahoone Jr","Tornquist, Mr. William Henry",shared_ticket
"Leonard, Mr. Lionel","Tornquist, Mr. William Henry",shared_ticket
"Abelson, Mr. Samuel","Abelson, Mrs. Samuel (Hannah Wizosky)",shared_ticket
"Aubart, Mme. Leontine Pauline","Sagesser, Mlle. Emma",shared_ticket_and_cabin
"Bird, Miss. Ellen","Farthing, Mr. John",shared_ticket
"Bird, Miss. Ellen","Straus, Mr. Isidor",shared_ticket
"Bird, Miss. Ellen","Straus, Mrs. Isidor (Rosalie Ida Blun)",shared_ticket
"Farthing, Mr. John","Straus, Mr. Isidor",shared_ticket
"Farthing, Mr. John","Straus, Mrs. Isidor (Rosalie Ida Blun)",shared_ticket
"Straus, Mr. Isidor","Straus, Mrs. Isidor (Rosalie Ida Blun)",shared_ticket_and_cabin
"Duff Gordon, Sir. Cosmo Edmund (""Mr Morgan"")","Francatelli, Miss. Laura Mabel",shared_ticket
"Baxter, Mr. Quigg Edmond","Baxter, Mrs. James (Helene DeLaudeniere Chaput)",shared_ticket_and_cabin
"Baxter, Mr. Quigg Edmond","Douglas, Mrs. Frederick Charles (Mary Helene Baxter)",shared_ticket_and_cabin
"Baxter, Mrs. James (Helene DeLaudeniere Chaput)","Douglas, Mrs. Frederick Charles (Mary Helene Baxter)",shared_ticket_and_cabin
"Lurette, Miss. Elise","Spencer, Mr. William Augustus",shared_ticket
"Lurette, Miss. Elise","Spencer, Mrs. William Augustus (Marie Eugenie)",shared_ticket
"Spencer, Mr. William Augustus","Spencer, Mrs. William Augustus (Marie Eugenie)",shared_ticket_and_cabin
"Harper, Mr. Henry Sleeper","Harper, Mrs. Henry Sleeper (Myna Haxtun)",shared_ticket_and_cabin
"Harper, Mr. Henry Sleeper","Hassab, Mr. Hammad",shared_ticket
"Harper, Mrs. Henry Sleeper (Myna Haxtun)","Hassab, Mr. Hammad",shared_ticket
"Graham, Mr. George Edward","Graham, Mrs. William Thompson (Edith Junkins)",shared_ticket
"Graham, Mr. George Edward","Shutes, Miss. Elizabeth W",shared_ticket
"Graham, Mrs. William Thompson (Edith Junkins)","Shutes, Miss. Elizabeth W",shared_ticket_and_cabin
"Rosenshine, Mr. George (""Mr George Thorne"")","Thorne, Mrs. Gertrude Maybelle",shared_ticket
"Lines, Miss. Mary Conover","Lines, Mrs. Ernest H (Elizabeth Lindsey James)",shared_ticket_and_cabin
"Giglio, Mr. Victor","Guggenheim, Mr. Benjamin",shared_ticket
"Williams, Mr. Charles Duane","Williams, Mr. Richard Norris II",shared_ticket
"Cumings, Mr. John Bradley","Cumings, Mrs. John Bradley (Florence Briggs Thayer)",shared_ticket_and_cabin
"Rothschild, Mr. Martin","Rothschild, Mrs. Martin (Elizabeth L. Barrett)",shared_ticket
"Meyer, Mr. Edgar Joseph","Meyer, Mrs. Edgar Joseph (Leila Saks)",shared_ticket
"Bowen, Miss. Grace Scott","Chaudanson, Miss. Victorine",shared_ticket
"Bowen, Miss. Grace Scott","Ryerson, Master. John Borie",shared_ticket
"Bowen, Miss. Grace Scott","Ryerson, Miss. Emily Borie",shared_ticket
"Bowen, Miss. Grace Scott","Ryerson, Miss. Susan Parker ""Suzette""",shared_ticket
"Bowen, Miss. Grace Scott","Ryerson, Mr. Arthur Larned",shared_ticket
"Bowen, Miss. Grace Scott","Ryerson, Mrs. Arthur Larned (Emily Maria Borie)",shared_ticket
"Chaudanson, Miss. Victorine","Ryerson, Master. John Borie",shared_ticket
"Chaudanson, Miss. Victorine","Ryerson, Miss. Emily Borie",shared_ticket
"Chaudanson, Miss. Victorine","Ryerson, Miss. Susan Parker ""Suzette""",shared_ticket
"Chaudanson, Miss. Victorine","Ryerson, Mr. Arthur Larned",shared_ticket
"Chaudanson, Miss. Victorine","Ryerson, Mrs. Arthur Larned (Emily Maria Borie)",shared_ticket
"Ryerson, Master. John Borie","Ryerson, Miss. Emily Borie",shared_ticket_and_cabin
"Ryerson, Master. John Borie","Ryerson, Miss. Susan Parker ""Suzette""",shared_ticket_and_cabin
"Ryerson, Master. John Borie","Ryerson, Mr. Arthur Larned",shared_ticket_and_cabin
"Ryerson, Master. John Borie","Ryerson, Mrs. Arthur Larned (Emily Maria Borie)",shared_ticket_and_cabin
"Ryerson, Miss. Emily Borie","Ryerson, Miss. Susan Parker ""Suzette""",shared_ticket_and_cabin
"Ryerson, Miss. Emily Borie","Ryerson, Mr. Arthur Larned",shared_ticket_and_cabin
"Ryerson, Miss. Emily Borie","Ryerson, Mrs. Arthur Larned (Emily Maria Borie)",shared_ticket_and_cabin
"Ryerson, Miss. Susan Parker ""Suzette""","Ryerson, Mr. Arthur Larned",shared_ticket_and_cabin
"Ryerson, Miss. Susan Parker ""Suzette""","Ryerson, Mrs. Arthur Larned (Emily Maria Borie)",shared_ticket_and_cabin
"Ryerson, Mr. Arthur Larned","Ryerson, Mrs. Arthur Larned (Emily Maria Borie)",shared_ticket_and_cabin
"Frauenthal, Dr. Henry William","Frauenthal, Mrs. Henry William (Clara Heinsheimer)",shared_ticket
"Cardeza, Mr. Thomas Drake Martinez","Cardeza, Mrs. James Warburton Martinez (Charlotte Wardle Drake)",shared_ticket_and_cabin
"Cardeza, Mr. Thomas Drake Martinez","Lesurer, Mr. Gustave J",shared_ticket
"Cardeza, Mr. Thomas Drake Martinez","Ward, Miss. Anna",shared_ticket
"Cardeza, Mr. Thomas Drake Martinez","Carlsson, Mr. Frans Olof",shared_ticket_and_cabin
"Cardeza, Mrs. James Warburton Martinez (Charlotte Wardle Drake)","Lesurer, Mr. Gustave J",shared_ticket
"Cardeza, Mrs. James Warburton Martinez (Charlotte Wardle Drake)","Ward, Miss. Anna",shared_ticket
"Cardeza, Mrs. James Warburton Martinez (Charlotte Wardle Drake)","Carlsson, Mr. Frans Olof",shared_ticket_and_cabin
"Lesurer, Mr. Gustave J","Ward, Miss. Anna",shared_ticket
"Compton, Miss. Sara Rebecca","Compton, Mr. Alexander Taylor Jr",shared_ticket
"Compton, Miss. Sara Rebecca","Compton, Mrs. Alexander Taylor (Mary Eliza Ingersoll)",shared_ticket
"Compton, Mr. Alexander Taylor Jr","Compton, Mrs. Alexander Taylor (Mary Eliza Ingersoll)",shared_ticket
"Astor, Col. John Jacob","Astor, Mrs. John Jacob (Madeleine Talmadge Force)",shared_ticket_and_cabin
"Astor, Col. John Jacob","Bidois, Miss. Rosalie",shared_ticket
"Astor, Col. John Jacob","Endres, Miss. Caroline Louise",shared_ticket
"Astor, Col. John Jacob","Robbins, Mr. Victor",shared_ticket
"Astor, Mrs. John Jacob (Madeleine Talmadge Force)","Bidois, Miss. Rosalie",shared_ticket
"Astor, Mrs. John Jacob (Madeleine Talmadge Force)","Endres, Miss. Caroline Louise",shared_ticket
"Astor, Mrs. John Jacob (Madeleine Talmadge Force)","Robbins, Mr. Victor",shared_ticket
"Bidois, Miss. Rosalie","Endres, Miss. Caroline Louise",shared_ticket
"Bidois, Miss. Rosalie","Robbins, Mr. Victor",shared_ticket
"Endres, Miss. Caroline Louise","Robbins, Mr. Victor",shared_ticket
"Oliva y Ocana, Dona. Fermina","Penasco y Castellana, Mr. Victor de Satode",shared_ticket
"Oliva y Ocana, Dona. Fermina","Penasco y Castellana, Mrs. Victor de Satode (Maria Josefa Perez de Soto y Vallejo)",shared_ticket
"Penasco y Castellana, Mr. Victor de Satode","Penasco y Castellana, Mrs. Victor de Satode (Maria Josefa Perez de Soto y Vallejo)",shared_ticket_and_cabin
"Greenfield, Mr. William Bertram","Greenfield, Mrs. Leo David (Blanche Strouse)",shared_ticket_and_cabin
"Bissette, Miss. Amelia","Ringhini, Mr. Sante",shared_ticket
"Bissette, Miss. Amelia","White, Mrs. John Stuart (Ella Holmes)",shared_ticket
"Bissette, Miss. Amelia","Young, Miss. Marie Grice",shared_ticket
"Ringhini, Mr. Sante","White, Mrs. John Stuart (Ella Holmes)",shared_ticket
"Ringhini, Mr. Sante","Young, Miss. Marie Grice",shared_ticket
"White, Mrs. John Stuart (Ella Holmes)","Young, Miss. Marie Grice",shared_ticket_and_cabin
"Douglas, Mr. Walter Donald","Douglas, Mrs. Walter Donald (Mahala Dutton)",shared_ticket_and_cabin
"Douglas, Mr. Walter Donald","LeRoy, Miss. Bertha",shared_ticket
"Douglas, Mrs. Walter Donald (Mahala Dutton)","LeRoy, Miss. Bertha",shared_ticket
"Sandstrom, Miss. Beatrice Irene","Sandstrom, Mrs. Hjalmar (Agnes Charlotta Bengtsson)",shared_ticket_and_cabin
"Sandstrom, Miss. Beatrice Irene","Sandstrom, Miss. Marguerite Rut",shared_ticket_and_cabin
"Sandstrom, Mrs. Hjalmar (Agnes Charlotta Bengtsson)","Sandstrom, Miss. Marguerite Rut",shared_ticket_and_cabin
"Mallet, Master. Andre","Mallet, Mr. Albert",shared_ticket
"Mallet, Master. Andre","Mallet, Mrs. Albert (Antoinette Magnin)",shared_ticket
"Mallet, Mr. Albert","Mallet, Mrs. Albert (Antoinette Magnin)",shared_ticket
"Phillips, Miss. Alice Frances Louisa","Phillips, Mr. Escott Robert",shared_ticket
"Mack, Mrs. (Mary)","Mudd, Mr. Thomas Charles",shared_ticket
"Davies, Mr. Charles Henry","Deacon, Mr. Percy William",shared_ticket
"Davies, Mr. Charles Henry","Dibden, Mr. William",shared_ticket
"Davies, Mr. Charles Henry","Hickman, Mr. Leonard Mark",shared_ticket
"Davies, Mr. Charles Henry","Hickman, Mr. Lewis",shared_ticket
"Davies, Mr. Charles Henry","Hickman, Mr. Stanley George",shared_ticket
"Davies, Mr. Charles Henry","Hood, Mr. Ambrose Jr",shared_ticket
"Deacon, Mr. Percy William","Dibden, Mr. William",shared_ticket
"Deacon, Mr. Percy William","Hickman, Mr. Leonard Mark",shared_ticket
"Deacon, Mr. Percy William","Hickman, Mr. Lewis",shared_ticket
"Deacon, Mr. Percy William","Hickman, Mr. Stanley George",shared_ticket
"Deacon, Mr. Percy William","Hood, Mr. Ambrose Jr",shared_ticket
"Dibden, Mr. William","Hickman, Mr. Leonard Mark",shared_ticket
"Dibden, Mr. William","Hickman, Mr. Lewis",shared_ticket
"Dibden, Mr. William","Hickman, Mr. Stanley George",shared_ticket
"Dibden, Mr. William","Hood, Mr. Ambrose Jr",shared_ticket
"Hickman, Mr. Leonard Mark","Hickman, Mr. Lewis",shared_ticket
"Hickman, Mr. Leonard Mark","Hickman, Mr. Stanley George",shared_ticket
"Hickman, Mr. Leonard Mark","Hood, Mr. Ambrose Jr",shared_ticket
"Hickman, Mr. Lewis","Hickman, Mr. Stanley George",shared_ticket
"Hickman, Mr. Lewis","Hood, Mr. Ambrose Jr",shared_ticket
"Hickman, Mr. Stanley George","Hood, Mr. Ambrose Jr",shared_ticket
"Chapman, Mr. John Henry","Chapman, Mrs. John Henry (Sara Elizabeth Lawry)",shared_ticket
"Louch, Mr. Charles Alexander","Louch, Mrs. Charles Alexander (Alice Adelaide Slow)",shared_ticket
"del Carlo, Mr. Sebastiano","del Carlo, Mrs. Sebastiano (Argenia Genovesi)",shared_ticket
"Laroche, Miss. Louise","Laroche, Miss. Simonne Marie Anne Andree",shared_ticket
"Laroche, Miss. Louise","Laroche, Mr. Joseph Philippe Lemercier",shared_ticket
"Laroche, Miss. Louise","Laroche, Mrs. Joseph (Juliette Marie Louise Lafargue)",shared_ticket
"Laroche, Miss. Simonne Marie Anne Andree","Laroche, Mr. Joseph Philippe Lemercier",shared_ticket
"Laroche, Miss. Simonne Marie Anne Andree","Laroche, Mrs. Joseph (Juliette Marie Louise Lafargue)",shared_ticket
"Laroche, Mr. Joseph Philippe Lemercier","Laroche, Mrs. Joseph (Juliette Marie Louise Lafargue)",shared_ticket
"Peacock, Master. Alfred Edward","Peacock, Miss. Treasteall",shared_ticket
"Peacock, Master. Alfred Edward","Peacock, Mrs. Benjamin (Edith Nile)",shared_ticket
"Peacock, Miss. Treasteall","Peacock, Mrs. Benjamin (Edith Nile)",shared_ticket
"Hakkarainen, Mr. Pekka Pietari","Hakkarainen, Mrs. Pekka Pietari (Elin Matilda Dolck)",shared_ticket
"Johnston, Master. William Arthur ""Willie""","Johnston, Miss. Catherine Helen ""Carrie""",shared_ticket
"Johnston, Master. William Arthur ""Willie""","Johnston, Mr. Andrew G",shared_ticket
"Johnston, Master. William Arthur ""Willie""","Johnston, Mrs. Andrew G (Elizabeth ""Lily"" Watson)",shared_ticket
"Johnston, Miss. Catherine Helen ""Carrie""","Johnston, Mr. Andrew G",shared_ticket
"Johnston, Miss. Catherine Helen ""Carrie""","Johnston, Mrs. Andrew G (Elizabeth ""Lily"" Watson)",shared_ticket
"Johnston, Mr. Andrew G","Johnston, Mrs. Andrew G (Elizabeth ""Lily"" Watson)",shared_ticket
"Ford, Miss. Doolina Margaret ""Daisy""","Ford, Miss. Robina Maggie ""Ruby""",shared_ticket
"Ford, Miss. Doolina Margaret ""Daisy""","Ford, Mr. Edward Watson",shared_ticket
"Ford, Miss. Doolina Margaret ""Daisy""","Ford, Mr. William Neal",shared_ticket
"Ford, Miss. Doolina Margaret ""Daisy""","Ford, Mrs. Edward (Margaret Ann Watson)",shared_ticket
"Ford, Miss. Robina Maggie ""Ruby""","Ford, Mr. Edward Watson",shared_ticket
"Ford, Miss. Robina Maggie ""Ruby""","Ford, Mr. William Neal",shared_ticket
"Ford, Miss. Robina Maggie ""Ruby""","Ford, Mrs. Edward (Margaret Ann Watson)",shared_ticket
"Ford, Mr. Edward Watson","Ford, Mr. William Neal",shared_ticket
"Ford, Mr. Edward Watson","Ford, Mrs. Edward (Margaret Ann Watson)",shared_ticket
"Ford, Mr. William Neal","Ford, Mrs. Edward (Margaret Ann Watson)",shared_ticket
"Chaffee, Mr. Herbert Fuller","Chaffee, Mrs. Herbert Fuller (Carrie Constance Toogood)",shared_ticket_and_cabin
"Crosby, Capt. Edward Gifford","Crosby, Miss. Harriet R",shared_ticket_and_cabin
"Bjornstrom-Steffansson, Mr. Mauritz Hakan","Woolner, Mr. Hugh",shared_cabin
"Calderhead, Mr. Edward Pennington","Silverthorne, Mr. Spencer Victor",shared_cabin
"Flynn, Mr. John Irwin (""Irving"")","McGough, Mr. James Robert",shared_cabin
"Mardirosian, Mr. Sarkis","Swane, Mr. George",shared_cabin
"Mardirosian, Mr. Sarkis","Abelseth, Mr. Olaus Jorgensen",shared_cabin
"Mardirosian, Mr. Sarkis","Humblen, Mr. Adolf Mathias Nicolai Olsen",shared_cabin
"Mardirosian, Mr. Sarkis","Krekorian, Mr. Neshan",shared_cabin
"Mardirosian, Mr. Sarkis","Moen, Mr. Sigurd Hansen",shared_cabin
"Mardirosian, Mr. Sarkis","Soholt, Mr. Peter Andreas Lauritz Andersen",shared_cabin
"Klaber, Mr. Herman","Partner, Mr. Austen",shared_cabin
"Leader, Dr. Alice (Farnham)","Swift, Mrs. Frederick Joel (Margaret Welles Barron)",shared_cabin
"Maguire, Mr. John Edward","Saalfeld, Mr. Adolphe",shared_cabin
"Ball, Mrs. (Ada E Hall)","Jerwan, Mrs. Amin S (Marie Marthe Thuillard)",shared_cabin
"Ball, Mrs. (Ada E Hall)","Levy, Mr. Rene Jacques",shared_cabin
"Ball, Mrs. (Ada E Hall)","Malachard, Mr. Noel",shared_cabin
"Jerwan, Mrs. Amin S (Marie Marthe Thuillard)","Levy, Mr. Rene Jacques",shared_cabin
"Jerwan, Mrs. Amin S (Marie Marthe Thuillard)","Malachard, Mr. Noel",shared_cabin
"Levy, Mr. Rene Jacques","Malachard, Mr. Noel",shared_cabin
"Brown, Miss. Amelia ""Mildred""","Cook, Mrs. (Selena Rogers)",shared_cabin
"Brown, Miss. Amelia ""Mildred""","Lemore, Mrs. (Amelia Milley)",shared_cabin
"Brown, Miss. Amelia ""Mildred""","Nye, Mrs. (Elizabeth Ramell)",shared_cabin
"Cook, Mrs. (Selena Rogers)","Lemore, Mrs. (Amelia Milley)",shared_cabin
"Cook, Mrs. (Selena Rogers)","Nye, Mrs. (Elizabeth Ramell)",shared_cabin
"Lemore, Mrs. (Amelia Milley)","Nye, Mrs. (Elizabeth Ramell)",shared_cabin
"Keane, Miss. Nora A","Troutt, Miss. Edwina Celia ""Winnie""",shared_cabin
"Keane, Miss. Nora A","Webber, Miss. Susan",shared_cabin
"Troutt, Miss. Edwina Celia ""Winnie""","Webber, Miss. Susan",shared_cabin
"Swane, Mr. George","Abelseth, Mr. Olaus Jorgensen",shared_cabin
"Swane, Mr. George","Humblen, Mr. Adolf Mathias Nicolai Olsen",shared_cabin
"Swane, Mr. George","Krekorian, Mr. Neshan",shared_cabin
"Swane, Mr. George","Moen, Mr. Sigurd Hansen",shared_cabin
"Swane, Mr. George","Soholt, Mr. Peter Andreas Lauritz Andersen",shared_cabin
"Abelseth, Mr. Olaus Jorgensen","Humblen, Mr. Adolf Mathias Nicolai Olsen",shared_ticket_and_cabin
"Abelseth, Mr. Olaus Jorgensen","Krekorian, Mr. Neshan",shared_cabin
"Abelseth, Mr. Olaus Jorgensen","Moen, Mr. Sigurd Hansen",shared_cabin
"Abelseth, Mr. Olaus Jorgensen","Soholt, Mr. Peter Andreas Lauritz Andersen",shared_cabin
"Humblen, Mr. Adolf Mathias Nicolai Olsen","Krekorian, Mr. Neshan",shared_cabin
"Humblen, Mr. Adolf Mathias Nicolai Olsen","Moen, Mr. Sigurd Hansen",shared_cabin
"Humblen, Mr. Adolf Mathias Nicolai Olsen","Soholt, Mr. Peter Andreas Lauritz Andersen",shared_cabin
"Krekorian, Mr. Neshan","Moen, Mr. Sigurd Hansen",shared_cabin
"Krekorian, Mr. Neshan","Soholt, Mr. Peter Andreas Lauritz Andersen",shared_cabin
"Moen, Mr. Sigurd Hansen","Soholt, Mr. Peter Andreas Lauritz Andersen",shared_ticket_and_cabin
